userId,lifetime,gender,total_songs,num_thumb_up,num_thumb_down,aritstCount,add_to_playlist,listen_time,avgSessionTime,minSessionTime,maxSessionTime,avgSessionSongs,label
59,64.60553240740741,0,872,30,9,578,14,180434.79327,457.2809523809524,0.0,1024.25,120.66666666666667,0
6,256.3776736111111,0,3761,165,31,1868,83,787236.5235899985,547.6625000000001,0.0,1913.4166666666667,143.5909090909091,0
