userId,lifetime,gender,total_songs,num_thumb_up,num_thumb_down,aritstCount,add_to_playlist,listen_time,avgSessionTime,minSessionTime,maxSessionTime,avgSessionSongs,label
100008,68.22856481481482,1,940,37,6,623,30,191396.79601999995,528.2527777777779,57.05,2024.4,128.66666666666666,0
100009,37.43827546296296,0,671,23,8,442,12,129745.78967999991,211.96166666666667,4.516666666666667,666.3333333333334,51.8,1
