userId,lifetime,gender,total_songs,num_thumb_up,num_thumb_down,aritstCount,add_to_playlist,listen_time,avgSessionTime,minSessionTime,maxSessionTime,avgSessionSongs,label
200008,115.18381944444445,1,2012,68,52,1159,45,410938.76144000026,452.27555555555557,17.183333333333334,1206.3833333333334,111.26666666666667,0
200009,58.839490740740736,0,1198,41,32,746,27,241600.01870999986,267.12111111111113,0.0,783.65,64.2,0
