userId,lifetime,gender,total_songs,num_thumb_up,num_thumb_down,aritstCount,add_to_playlist,listen_time,avgSessionTime,minSessionTime,maxSessionTime,avgSessionSongs,label
119,188.85927083333334,1,223,7,1,166,5,44717.94926999999,120.66944444444444,29.8,277.1333333333333,28.833333333333332,0
12,73.00452546296296,1,1064,42,9,697,19,214620.52445999987,457.5425925925926,31.1,1420.4666666666667,96.33333333333333,1
