userId,lifetime,gender,total_songs,num_thumb_up,num_thumb_down,aritstCount,add_to_playlist,listen_time,avgSessionTime,minSessionTime,maxSessionTime,avgSessionSongs,label
100017,78.88440972222223,0,75,2,1,51,1,12261.723399999999,199.26666666666668,199.26666666666668,199.26666666666668,52.0,1
100018,110.71211805555555,0,1288,46,9,780,31,248530.32762999993,193.18730158730162,0.03333333333333333,940.1666666666666,50.1,0
