userId,lifetime,gender,total_songs,num_thumb_up,num_thumb_down,aritstCount,add_to_playlist,listen_time,avgSessionTime,minSessionTime,maxSessionTime,avgSessionSongs,label
33,162.89256944444443,0,1529,79,9,921,33,310709.8542499998,427.19305555555553,12.35,1434.8333333333333,104.75,0
34,71.14295138888889,0,73,2,0,53,4,12931.084549999996,68.42222222222222,52.6,76.56666666666666,17.666666666666668,0
