userId,lifetime,gender,total_songs,num_thumb_up,num_thumb_down,aritstCount,add_to_playlist,listen_time,avgSessionTime,minSessionTime,maxSessionTime,avgSessionSongs,label
127,75.88082175925926,1,2125,93,15,1221,52,446745.52475999953,433.2127450980392,6.35,1654.6666666666667,104.6470588235294,0
128,95.33168981481481,0,2067,87,18,1163,53,429447.28833999945,416.6254901960784,0.0,1817.3,108.0,0
