userId,lifetime,gender,total_songs,num_thumb_up,num_thumb_down,aritstCount,add_to_playlist,listen_time,avgSessionTime,minSessionTime,maxSessionTime,avgSessionSongs,label
110,68.3830787037037,0,235,14,2,163,3,46353.57809999999,193.13666666666666,2.9166666666666665,445.8333333333333,35.6,0
111,82.22630787037038,1,830,34,6,561,21,174075.92181000015,462.5380952380952,9.45,1195.4,99.71428571428571,0
