userId,lifetime,gender,total_songs,num_thumb_up,num_thumb_down,aritstCount,add_to_playlist,listen_time,avgSessionTime,minSessionTime,maxSessionTime,avgSessionSongs,label
41,110.77247685185186,1,2220,76,10,1319,61,473900.08914,657.6722222222223,0.016666666666666666,2278.2,157.83333333333334,0
42,67.11364583333334,1,4257,166,25,2073,104,881792.9661300007,329.56276595744686,0.0,1104.0,87.14634146341463,0
