userId,lifetime,gender,total_songs,num_thumb_up,num_thumb_down,aritstCount,add_to_playlist,listen_time,avgSessionTime,minSessionTime,maxSessionTime,avgSessionSongs,label
300018,92.85342592592593,0,2046,132,24,1170,58,415080.2944800006,243.46845238095236,0.0,1280.85,63.07692307692308,0
300019,84.62292824074073,0,976,83,8,650,24,198108.6602799998,367.47037037037035,26.15,1587.5333333333333,88.66666666666667,0
