userId,lifetime,gender,total_songs,num_thumb_up,num_thumb_down,aritstCount,add_to_playlist,listen_time,avgSessionTime,minSessionTime,maxSessionTime,avgSessionSongs,label
50,75.44710648148148,1,651,27,3,423,12,122751.27560999991,264.27500000000003,21.316666666666666,533.2,62.875,0
51,19.455844907407407,0,2464,100,21,1385,52,523275.8428000004,872.3566666666666,67.06666666666666,2069.383333333333,211.1,1
