userId,lifetime,gender,total_songs,num_thumb_up,num_thumb_down,aritstCount,add_to_playlist,listen_time,avgSessionTime,minSessionTime,maxSessionTime,avgSessionSongs,label
136,75.35636574074074,1,2567,110,15,1395,66,528592.4084899989,434.6818181818181,0.0,2262.8333333333335,106.2,0
137,123.35806712962962,0,209,8,1,143,4,38385.87630999999,211.2611111111111,19.383333333333333,462.55,51.333333333333336,0
