userId,lifetime,gender,total_songs,num_thumb_up,num_thumb_down,aritstCount,add_to_playlist,listen_time,avgSessionTime,minSessionTime,maxSessionTime,avgSessionSongs,label
91,116.02526620370371,0,3014,124,24,1618,64,639786.4807499979,1179.9,62.5,4455.083333333333,286.6666666666667,0
92,83.52885416666668,1,7230,292,72,2904,181,1491493.286370003,284.71220930232556,0.0,1890.35,70.77380952380952,0
