userId,lifetime,gender,total_songs,num_thumb_up,num_thumb_down,aritstCount,add_to_playlist,listen_time,avgSessionTime,minSessionTime,maxSessionTime,avgSessionSongs,label
22,61.48951388888889,1,40,3,0,28,0,7403.8208,53.31666666666667,4.75,101.88333333333334,14.0,0
23,135.89708333333334,1,782,28,6,553,21,164815.40200000003,682.5541666666667,29.783333333333335,2374.633333333333,164.0,0
