userId,lifetime,gender,total_songs,num_thumb_up,num_thumb_down,aritstCount,add_to_playlist,listen_time,avgSessionTime,minSessionTime,maxSessionTime,avgSessionSongs,label
144,98.94381944444444,0,125,4,1,97,3,24660.383280000002,134.30555555555554,0.0,303.6333333333333,49.0,0
145,102.31814814814815,1,1347,61,8,868,27,286918.09708999994,315.9122222222223,0.0,927.3333333333334,80.64285714285714,0
