userId,lifetime,gender,total_songs,num_thumb_up,num_thumb_down,aritstCount,add_to_playlist,listen_time,avgSessionTime,minSessionTime,maxSessionTime,avgSessionSongs,label
300009,101.2241087962963,1,1721,132,15,1025,44,357535.69262999995,326.6444444444444,11.633333333333333,1955.75,79.27777777777777,0
300010,74.17873842592593,0,351,21,1,244,7,65846.45058000002,155.42857142857142,13.683333333333334,330.95,37.57142857142857,0
