userId,lifetime,gender,total_songs,num_thumb_up,num_thumb_down,aritstCount,add_to_playlist,listen_time,avgSessionTime,minSessionTime,maxSessionTime,avgSessionSongs,label
30,63.066643518518525,0,1775,62,17,1018,47,359808.2456399997,183.5942708333333,0.0,1089.0333333333333,50.607142857142854,0
300001,188.31178240740743,1,2168,148,17,1201,69,433520.0037099993,382.05263157894734,0.0,1418.25,102.88235294117646,1
