userId,lifetime,gender,total_songs,num_thumb_up,num_thumb_down,aritstCount,add_to_playlist,listen_time,avgSessionTime,minSessionTime,maxSessionTime,avgSessionSongs,label
200018,48.56862268518518,0,478,13,11,317,11,93505.00914000007,169.3074074074074,11.4,373.46666666666664,40.77777777777778,1
200019,56.230057870370366,0,639,28,17,427,18,121838.16904000004,198.3366666666667,26.466666666666665,483.3833333333333,49.5,0
