userId,lifetime,gender,total_songs,num_thumb_up,num_thumb_down,aritstCount,add_to_playlist,listen_time,avgSessionTime,minSessionTime,maxSessionTime,avgSessionSongs,label
152,31.03962962962963,0,1682,81,12,982,43,354939.5995799998,292.025,0.0,1739.7833333333333,74.15789473684211,0
153,27.365162037037038,0,1131,52,4,723,32,233495.71048000033,437.1222222222222,31.633333333333333,1763.3666666666666,104.55555555555556,0
