userId,lifetime,gender,total_songs,num_thumb_up,num_thumb_down,aritstCount,add_to_playlist,listen_time,avgSessionTime,minSessionTime,maxSessionTime,avgSessionSongs,label
2,69.90317129629629,1,899,29,6,587,13,188687.38342000003,445.0166666666667,14.75,1506.0166666666667,107.85714285714286,0
20,77.02128472222222,1,2195,106,21,1216,54,451089.7797800002,392.9087719298246,0.0,1716.4,100.38888888888889,0
