userId,lifetime,gender,total_songs,num_thumb_up,num_thumb_down,aritstCount,add_to_playlist,listen_time,avgSessionTime,minSessionTime,maxSessionTime,avgSessionSongs,label
83,124.14094907407407,0,1496,69,10,926,28,307411.16241000016,179.12678571428572,0.0,740.35,45.74074074074074,0
84,52.468148148148146,1,97,4,0,69,2,18111.522840000005,95.5,45.11666666666667,140.61666666666667,24.333333333333332,0
