userId,lifetime,gender,total_songs,num_thumb_up,num_thumb_down,aritstCount,add_to_playlist,listen_time,avgSessionTime,minSessionTime,maxSessionTime,avgSessionSongs,label
10,51.76265046296297,0,795,37,4,565,9,166866.37251000004,459.74722222222226,91.41666666666667,1547.9166666666667,112.16666666666667,0
100,64.87377314814815,0,3214,148,27,1705,61,672877.856590001,316.5190476190476,0.0,1019.5833333333334,78.88235294117646,0
